id;title;company;location;description;start_at;end_at
1;Rustic Frozen Salad;pixel action-items;copying Home Loan Account;bandwidth;2020-02-24T19:34:32;2020-02-24T18:11:13
2;Idaho Oval;Marketing;USB Mobility;back-end infomediaries Money Market Account;2020-02-24T13:49:23;2020-02-24T12:24:29
3;Zambian Kwacha Panama;Factors Islands;bypassing moratorium;quantifying bandwidth;2020-02-24T10:01:18;2020-02-24T14:23:21
4;models online ADP;withdrawal;Skyway feed Bahrain;Steel Common hacking;2020-02-25T04:54:21;2020-02-25T01:28:05
5;Ergonomic distributed;dot-com;hack Markets;compress PCI withdrawal;2020-02-24T13:23:58;2020-02-25T06:01:13
6;Soft;empower Auto Loan Account Ergonomic;program Ergonomic Rubber Tuna;programming Grocery auxiliary;2020-02-24T14:53:40;2020-02-25T00:49:44
7;Tajikistan capacitor Virginia;payment Checking Account;Fantastic primary Balanced;Refined Granite Sausages discrete Orchestrator;2020-02-24T11:03:36;2020-02-24T08:41:54
8;Fresh;generate vortals proactive;Oman generate Agent;Handmade Cotton Salad Massachusetts;2020-02-24T15:58:18;2020-02-25T03:34:25
9;teal actuating enable;next-generation indexing Garden;Kazakhstan e-business virtual;Island;2020-02-24T23:05:57;2020-02-24T12:36:28
10;Chief architecture;Wooden relationships;Triple-buffered Buckinghamshire;Regional Checking Account Faroe Islands;2020-02-24T09:24:15;2020-02-24T15:26:30
